[ {
  "format_version" : "1.0",
  "generated_by" : "cytoscape-3.3.0",
  "target_cytoscapejs_version" : "~2.1",
  "title" : "Curved",
  "style" : [ {
    "selector" : "node",
    "css" : {
      "border-width" : 7.0,
      "color" : "rgb(102,102,102)",
      "border-color" : "rgb(255,255,255)",
      "font-family" : "SansSerif",
      "font-weight" : "normal",
      "shape" : "ellipse",
      "height" : 18.0,
      "border-opacity" : 1.0,
      "width" : 18.0,
      "font-size" : 14,
      "text-valign" : "bottom",
      "text-halign" : "right",
      "text-opacity" : 1.0,
      "background-color" : "rgb(254,196,79)",
      "background-opacity" : 1.0,
      "content" : "data(name)"
    }
  }, {
    "selector" : "node:selected",
    "css" : {
      "background-color" : "rgb(255,255,0)"
    }
  }, {
    "selector" : "edge",
    "css" : {
      "font-size" : 10,
      "text-opacity" : 1.0,
      "opacity" : 1.0,
      "color" : "rgb(0,0,0)",
      "content" : "",
      "width" : 3.0,
      "target-arrow-color" : "rgb(255,255,255)",
      "line-color" : "rgb(255,255,255)",
      "source-arrow-shape" : "none",
      "target-arrow-shape" : "triangle",
      "source-arrow-color" : "rgb(255,255,255)",
      "font-family" : "SansSerif",
      "font-weight" : "normal",
      "line-style" : "solid"
    }
  }, {
    "selector" : "edge:selected",
    "css" : {
      "line-color" : "rgb(255,0,0)"
    }
  } ]
}, {
  "format_version" : "1.0",
  "generated_by" : "cytoscape-3.3.0",
  "target_cytoscapejs_version" : "~2.1",
  "title" : "Solid",
  "style" : [ {
    "selector" : "node",
    "css" : {
      "border-width" : 0.0,
      "color" : "rgb(0,0,0)",
      "border-color" : "rgb(0,0,0)",
      "font-family" : "Dialog",
      "font-weight" : "normal",
      "shape" : "ellipse",
      "height" : 40.0,
      "border-opacity" : 1.0,
      "width" : 40.0,
      "font-size" : 14,
      "text-valign" : "center",
      "text-halign" : "center",
      "text-opacity" : 1.0,
      "background-color" : "rgb(102,102,102)",
      "background-opacity" : 1.0,
      "content" : "data(name)"
    }
  }, {
    "selector" : "node:selected",
    "css" : {
      "background-color" : "rgb(255,255,0)"
    }
  }, {
    "selector" : "edge",
    "css" : {
      "font-size" : 10,
      "text-opacity" : 1.0,
      "opacity" : 1.0,
      "color" : "rgb(0,0,0)",
      "width" : 12.0,
      "target-arrow-color" : "rgb(0,0,0)",
      "line-color" : "rgb(204,204,204)",
      "source-arrow-shape" : "none",
      "target-arrow-shape" : "none",
      "source-arrow-color" : "rgb(0,0,0)",
      "font-family" : "Dialog",
      "font-weight" : "normal",
      "line-style" : "solid",
      "content" : "data(interaction)"
    }
  }, {
    "selector" : "edge:selected",
    "css" : {
      "line-color" : "rgb(255,0,0)"
    }
  } ]
}, {
  "format_version" : "1.0",
  "generated_by" : "cytoscape-3.3.0",
  "target_cytoscapejs_version" : "~2.1",
  "title" : "Sample3",
  "style" : [ {
    "selector" : "node",
    "css" : {
      "border-width" : 8.0,
      "color" : "rgb(206,206,206)",
      "border-color" : "rgb(255,255,255)",
      "font-family" : "SansSerif",
      "font-weight" : "normal",
      "shape" : "ellipse",
      "height" : 20.0,
      "border-opacity" : 1.0,
      "width" : 20.0,
      "font-size" : 14,
      "text-valign" : "bottom",
      "text-halign" : "right",
      "text-opacity" : 1.0,
      "background-color" : "rgb(61,154,255)",
      "background-opacity" : 1.0,
      "content" : "data(name)"
    }
  }, {
    "selector" : "node:selected",
    "css" : {
      "background-color" : "rgb(255,255,0)"
    }
  }, {
    "selector" : "edge",
    "css" : {
      "font-size" : 10,
      "text-opacity" : 1.0,
      "opacity" : 1.0,
      "color" : "rgb(0,0,0)",
      "content" : "",
      "width" : 2.0,
      "target-arrow-color" : "rgb(0,0,0)",
      "line-color" : "rgb(255,255,255)",
      "source-arrow-shape" : "none",
      "target-arrow-shape" : "none",
      "source-arrow-color" : "rgb(0,0,0)",
      "font-family" : "SansSerif",
      "font-weight" : "normal",
      "line-style" : "solid"
    }
  }, {
    "selector" : "edge:selected",
    "css" : {
      "line-color" : "rgb(255,0,0)"
    }
  } ]
}, {
  "format_version" : "1.0",
  "generated_by" : "cytoscape-3.3.0",
  "target_cytoscapejs_version" : "~2.1",
  "title" : "Big Labels",
  "style" : [ {
    "selector" : "node",
    "css" : {
      "border-width" : 0.0,
      "color" : "rgb(51,51,51)",
      "border-color" : "rgb(0,0,0)",
      "font-family" : "SansSerif",
      "font-weight" : "normal",
      "shape" : "ellipse",
      "height" : 5.0,
      "border-opacity" : 1.0,
      "width" : 5.0,
      "font-size" : 24,
      "text-valign" : "center",
      "text-halign" : "center",
      "text-opacity" : 1.0,
      "background-color" : "rgb(255,255,255)",
      "background-opacity" : 1.0,
      "content" : "data(name)"
    }
  }, {
    "selector" : "node:selected",
    "css" : {
      "background-color" : "rgb(255,0,102)"
    }
  }, {
    "selector" : "edge",
    "css" : {
      "font-size" : 10,
      "text-opacity" : 1.0,
      "opacity" : 1.0,
      "color" : "rgb(0,0,0)",
      "content" : "",
      "width" : 1.0,
      "target-arrow-color" : "rgb(0,0,0)",
      "line-color" : "rgb(183,183,183)",
      "source-arrow-shape" : "none",
      "target-arrow-shape" : "none",
      "source-arrow-color" : "rgb(0,0,0)",
      "font-family" : "SansSerif",
      "font-weight" : "normal",
      "line-style" : "solid"
    }
  }, {
    "selector" : "edge:selected",
    "css" : {
      "line-color" : "rgb(255,0,0)"
    }
  } ]
}, {
  "format_version" : "1.0",
  "generated_by" : "cytoscape-3.3.0",
  "target_cytoscapejs_version" : "~2.1",
  "title" : "default",
  "style" : [ {
    "selector" : "node",
    "css" : {
      "border-width" : 0.0,
      "color" : "rgb(51,51,51)",
      "border-color" : "rgb(0,0,0)",
      "font-family" : "Dialog",
      "font-weight" : "normal",
      "shape" : "ellipse",
      "height" : 25.0,
      "border-opacity" : 1.0,
      "width" : 25.0,
      "font-size" : 10,
      "text-valign" : "center",
      "text-halign" : "center",
      "text-opacity" : 1.0,
      "background-color" : "rgb(127,205,187)",
      "background-opacity" : 1.0,
      "content" : "data(name)"
    }
  }, {
    "selector" : "node:selected",
    "css" : {
      "background-color" : "rgb(255,255,0)"
    }
  }, {
    "selector" : "edge",
    "css" : {
      "font-size" : 10,
      "text-opacity" : 1.0,
      "opacity" : 1.0,
      "color" : "rgb(51,51,51)",
      "width" : 1.0,
      "target-arrow-color" : "rgb(0,0,0)",
      "line-color" : "rgb(153,153,153)",
      "source-arrow-shape" : "none",
      "target-arrow-shape" : "none",
      "source-arrow-color" : "rgb(0,0,0)",
      "font-family" : "Dialog",
      "font-weight" : "normal",
      "line-style" : "solid",
      "content" : "data(interaction)"
    }
  }, {
    "selector" : "edge[interaction = 'pp']",
    "css" : {
      "line-style" : "solid"
    }
  }, {
    "selector" : "edge[interaction = 'pd']",
    "css" : {
      "line-style" : "dashed"
    }
  }, {
    "selector" : "edge:selected",
    "css" : {
      "line-color" : "rgb(255,0,0)"
    }
  } ]
}, {
  "format_version" : "1.0",
  "generated_by" : "cytoscape-3.3.0",
  "target_cytoscapejs_version" : "~2.1",
  "title" : "default",
  "style" : [ {
    "selector" : "node",
    "css" : {
      "border-width" : 15.0,
      "color" : "rgb(102,102,102)",
      "border-color" : "rgb(255,255,255)",
      "font-family" : "HelveticaNeue-Light",
      "font-weight" : "normal",
      "shape" : "ellipse",
      "height" : 50.0,
      "border-opacity" : 1.0,
      "width" : 50.0,
      "font-size" : 20,
      "text-valign" : "center",
      "text-halign" : "right",
      "text-opacity" : 1.0,
      "background-color" : "rgb(58,127,182)",
      "background-opacity" : 1.0,
      "content" : "data(name)"
    }
  }, {
    "selector" : "node:selected",
    "css" : {
      "background-color" : "rgb(255,255,0)"
    }
  }, {
    "selector" : "edge",
    "css" : {
      "font-size" : 10,
      "text-opacity" : 1.0,
      "opacity" : 1.0,
      "color" : "rgb(0,0,0)",
      "content" : "",
      "width" : 20.0,
      "target-arrow-color" : "rgb(0,0,0)",
      "line-color" : "rgb(255,255,255)",
      "source-arrow-shape" : "none",
      "target-arrow-shape" : "none",
      "source-arrow-color" : "rgb(0,0,0)",
      "font-family" : "SansSerif",
      "font-weight" : "normal",
      "line-style" : "solid"
    }
  }, {
    "selector" : "edge:selected",
    "css" : {
      "line-color" : "rgb(255,0,0)"
    }
  } ]
}, {
  "format_version" : "1.0",
  "generated_by" : "cytoscape-3.3.0",
  "target_cytoscapejs_version" : "~2.1",
  "title" : "BioPAX",
  "style" : [ {
    "selector" : "node",
    "css" : {
      "border-width" : 2.0,
      "color" : "rgb(0,0,0)",
      "border-color" : "rgb(0,102,102)",
      "font-family" : "SansSerif",
      "font-weight" : "normal",
      "shape" : "ellipse",
      "height" : 20.0,
      "border-opacity" : 1.0,
      "width" : 20.0,
      "font-size" : 12,
      "text-valign" : "center",
      "text-halign" : "center",
      "text-opacity" : 1.0,
      "background-color" : "rgb(255,255,255)",
      "background-opacity" : 1.0,
      "content" : "data(name)"
    }
  }, {
    "selector" : "node[BIOPAX_TYPE = 'GeneticInteraction']",
    "css" : {
      "height" : 13.4
    }
  }, {
    "selector" : "node[BIOPAX_TYPE = 'BiochemicalReaction']",
    "css" : {
      "height" : 13.4
    }
  }, {
    "selector" : "node[BIOPAX_TYPE = 'Interaction']",
    "css" : {
      "height" : 13.4
    }
  }, {
    "selector" : "node[BIOPAX_TYPE = 'TransportWithBiochemicalReaction']",
    "css" : {
      "height" : 13.4
    }
  }, {
    "selector" : "node[BIOPAX_TYPE = 'ComplexAssembly']",
    "css" : {
      "height" : 13.4
    }
  }, {
    "selector" : "node[BIOPAX_TYPE = 'Conversion']",
    "css" : {
      "height" : 13.4
    }
  }, {
    "selector" : "node[BIOPAX_TYPE = 'Complex']",
    "css" : {
      "height" : 13.4
    }
  }, {
    "selector" : "node[BIOPAX_TYPE = 'Degradation']",
    "css" : {
      "height" : 13.4
    }
  }, {
    "selector" : "node[BIOPAX_TYPE = 'Control']",
    "css" : {
      "height" : 13.4
    }
  }, {
    "selector" : "node[BIOPAX_TYPE = 'TemplateReactionRegulation']",
    "css" : {
      "height" : 13.4
    }
  }, {
    "selector" : "node[BIOPAX_TYPE = 'TemplateReaction']",
    "css" : {
      "height" : 13.4
    }
  }, {
    "selector" : "node[BIOPAX_TYPE = 'MolecularInteraction']",
    "css" : {
      "height" : 13.4
    }
  }, {
    "selector" : "node[BIOPAX_TYPE = 'Modulation']",
    "css" : {
      "height" : 13.4
    }
  }, {
    "selector" : "node[BIOPAX_TYPE = 'Catalysis']",
    "css" : {
      "height" : 13.4
    }
  }, {
    "selector" : "node[BIOPAX_TYPE = 'Transport']",
    "css" : {
      "height" : 13.4
    }
  }, {
    "selector" : "node[BIOPAX_TYPE = 'GeneticInteraction']",
    "css" : {
      "width" : 13.4
    }
  }, {
    "selector" : "node[BIOPAX_TYPE = 'BiochemicalReaction']",
    "css" : {
      "width" : 13.4
    }
  }, {
    "selector" : "node[BIOPAX_TYPE = 'Interaction']",
    "css" : {
      "width" : 13.4
    }
  }, {
    "selector" : "node[BIOPAX_TYPE = 'TransportWithBiochemicalReaction']",
    "css" : {
      "width" : 13.4
    }
  }, {
    "selector" : "node[BIOPAX_TYPE = 'ComplexAssembly']",
    "css" : {
      "width" : 13.4
    }
  }, {
    "selector" : "node[BIOPAX_TYPE = 'Conversion']",
    "css" : {
      "width" : 13.4
    }
  }, {
    "selector" : "node[BIOPAX_TYPE = 'Complex']",
    "css" : {
      "width" : 13.4
    }
  }, {
    "selector" : "node[BIOPAX_TYPE = 'Degradation']",
    "css" : {
      "width" : 13.4
    }
  }, {
    "selector" : "node[BIOPAX_TYPE = 'Control']",
    "css" : {
      "width" : 13.4
    }
  }, {
    "selector" : "node[BIOPAX_TYPE = 'TemplateReactionRegulation']",
    "css" : {
      "width" : 13.4
    }
  }, {
    "selector" : "node[BIOPAX_TYPE = 'TemplateReaction']",
    "css" : {
      "width" : 13.4
    }
  }, {
    "selector" : "node[BIOPAX_TYPE = 'MolecularInteraction']",
    "css" : {
      "width" : 13.4
    }
  }, {
    "selector" : "node[BIOPAX_TYPE = 'Modulation']",
    "css" : {
      "width" : 13.4
    }
  }, {
    "selector" : "node[BIOPAX_TYPE = 'Catalysis']",
    "css" : {
      "width" : 13.4
    }
  }, {
    "selector" : "node[BIOPAX_TYPE = 'Transport']",
    "css" : {
      "width" : 13.4
    }
  }, {
    "selector" : "node[BIOPAX_TYPE = 'Complex']",
    "css" : {
      "background-color" : "rgb(255,255,255)"
    }
  }, {
    "selector" : "node[BIOPAX_TYPE = 'Complex']",
    "css" : {
      "border-color" : "rgb(0,102,102)"
    }
  }, {
    "selector" : "node[BIOPAX_TYPE = 'SimplePhysicalEntity']",
    "css" : {
      "shape" : "ellipse"
    }
  }, {
    "selector" : "node[BIOPAX_TYPE = 'Rna']",
    "css" : {
      "shape" : "ellipse"
    }
  }, {
    "selector" : "node[BIOPAX_TYPE = 'GeneticInteraction']",
    "css" : {
      "shape" : "rectangle"
    }
  }, {
    "selector" : "node[BIOPAX_TYPE = 'BiochemicalReaction']",
    "css" : {
      "shape" : "rectangle"
    }
  }, {
    "selector" : "node[BIOPAX_TYPE = 'Interaction']",
    "css" : {
      "shape" : "rectangle"
    }
  }, {
    "selector" : "node[BIOPAX_TYPE = 'TransportWithBiochemicalReaction']",
    "css" : {
      "shape" : "rectangle"
    }
  }, {
    "selector" : "node[BIOPAX_TYPE = 'ComplexAssembly']",
    "css" : {
      "shape" : "rectangle"
    }
  }, {
    "selector" : "node[BIOPAX_TYPE = 'Conversion']",
    "css" : {
      "shape" : "rectangle"
    }
  }, {
    "selector" : "node[BIOPAX_TYPE = 'Protein']",
    "css" : {
      "shape" : "ellipse"
    }
  }, {
    "selector" : "node[BIOPAX_TYPE = 'RnaRegion']",
    "css" : {
      "shape" : "ellipse"
    }
  }, {
    "selector" : "node[BIOPAX_TYPE = 'Complex']",
    "css" : {
      "shape" : "diamond"
    }
  }, {
    "selector" : "node[BIOPAX_TYPE = 'Degradation']",
    "css" : {
      "shape" : "rectangle"
    }
  }, {
    "selector" : "node[BIOPAX_TYPE = 'Control']",
    "css" : {
      "shape" : "triangle"
    }
  }, {
    "selector" : "node[BIOPAX_TYPE = 'TemplateReactionRegulation']",
    "css" : {
      "shape" : "triangle"
    }
  }, {
    "selector" : "node[BIOPAX_TYPE = 'PhysicalEntity']",
    "css" : {
      "shape" : "ellipse"
    }
  }, {
    "selector" : "node[BIOPAX_TYPE = 'DnaRegion']",
    "css" : {
      "shape" : "ellipse"
    }
  }, {
    "selector" : "node[BIOPAX_TYPE = 'SmallMolecule']",
    "css" : {
      "shape" : "ellipse"
    }
  }, {
    "selector" : "node[BIOPAX_TYPE = 'Dna']",
    "css" : {
      "shape" : "ellipse"
    }
  }, {
    "selector" : "node[BIOPAX_TYPE = 'TemplateReaction']",
    "css" : {
      "shape" : "rectangle"
    }
  }, {
    "selector" : "node[BIOPAX_TYPE = 'MolecularInteraction']",
    "css" : {
      "shape" : "rectangle"
    }
  }, {
    "selector" : "node[BIOPAX_TYPE = 'Modulation']",
    "css" : {
      "shape" : "triangle"
    }
  }, {
    "selector" : "node[BIOPAX_TYPE = 'Catalysis']",
    "css" : {
      "shape" : "triangle"
    }
  }, {
    "selector" : "node[BIOPAX_TYPE = 'Transport']",
    "css" : {
      "shape" : "rectangle"
    }
  }, {
    "selector" : "node[BIOPAX_TYPE = 'Protein-phosphorylated']",
    "css" : {
      "shape" : "ellipse"
    }
  }, {
    "selector" : "node:selected",
    "css" : {
      "background-color" : "rgb(255,255,0)"
    }
  }, {
    "selector" : "edge",
    "css" : {
      "font-size" : 10,
      "text-opacity" : 1.0,
      "opacity" : 1.0,
      "color" : "rgb(0,0,0)",
      "content" : "",
      "width" : 1.0,
      "target-arrow-color" : "rgb(64,64,64)",
      "line-color" : "rgb(64,64,64)",
      "source-arrow-shape" : "none",
      "target-arrow-shape" : "none",
      "source-arrow-color" : "rgb(64,64,64)",
      "font-family" : "SansSerif",
      "font-weight" : "normal",
      "line-style" : "solid"
    }
  }, {
    "selector" : "edge[interaction = 'INHIBITION_NONCOMPETITIVE']",
    "css" : {
      "target-arrow-shape" : "tee"
    }
  }, {
    "selector" : "edge[interaction = 'INHIBITION_OTHER']",
    "css" : {
      "target-arrow-shape" : "tee"
    }
  }, {
    "selector" : "edge[interaction = 'ACTIVATION']",
    "css" : {
      "target-arrow-shape" : "triangle"
    }
  }, {
    "selector" : "edge[interaction = 'INHIBITION_UNCOMPETITIVE']",
    "css" : {
      "target-arrow-shape" : "tee"
    }
  }, {
    "selector" : "edge[interaction = 'cofactor']",
    "css" : {
      "target-arrow-shape" : "triangle"
    }
  }, {
    "selector" : "edge[interaction = 'ACTIVATION_ALLOSTERIC']",
    "css" : {
      "target-arrow-shape" : "triangle"
    }
  }, {
    "selector" : "edge[interaction = 'right']",
    "css" : {
      "target-arrow-shape" : "triangle"
    }
  }, {
    "selector" : "edge[interaction = 'INHIBITION_ALLOSTERIC']",
    "css" : {
      "target-arrow-shape" : "tee"
    }
  }, {
    "selector" : "edge[interaction = 'controlled']",
    "css" : {
      "target-arrow-shape" : "triangle"
    }
  }, {
    "selector" : "edge[interaction = 'contains']",
    "css" : {
      "target-arrow-shape" : "circle"
    }
  }, {
    "selector" : "edge[interaction = 'INHIBITION']",
    "css" : {
      "target-arrow-shape" : "tee"
    }
  }, {
    "selector" : "edge[interaction = 'INHIBITION_UNKMECH']",
    "css" : {
      "target-arrow-shape" : "tee"
    }
  }, {
    "selector" : "edge[interaction = 'INHIBITION_IRREVERSIBLE']",
    "css" : {
      "target-arrow-shape" : "tee"
    }
  }, {
    "selector" : "edge[interaction = 'INHIBITION_COMPETITIVE']",
    "css" : {
      "target-arrow-shape" : "tee"
    }
  }, {
    "selector" : "edge[interaction = 'ACTIVATION_UNKMECH']",
    "css" : {
      "target-arrow-shape" : "triangle"
    }
  }, {
    "selector" : "edge[interaction = 'ACTIVATION_NONALLOSTERIC']",
    "css" : {
      "target-arrow-shape" : "triangle"
    }
  }, {
    "selector" : "edge:selected",
    "css" : {
      "line-color" : "rgb(255,0,0)"
    }
  } ]
}, {
  "format_version" : "1.0",
  "generated_by" : "cytoscape-3.3.0",
  "target_cytoscapejs_version" : "~2.1",
  "title" : "Gradient1",
  "style" : [ {
    "selector" : "node",
    "css" : {
      "border-width" : 0.0,
      "color" : "rgb(204,204,204)",
      "border-color" : "rgb(0,0,0)",
      "font-family" : "SansSerif",
      "font-weight" : "normal",
      "shape" : "ellipse",
      "height" : 30.0,
      "border-opacity" : 1.0,
      "width" : 30.0,
      "font-size" : 8,
      "text-valign" : "bottom",
      "text-halign" : "right",
      "text-opacity" : 1.0,
      "background-color" : "rgb(0,0,0)",
      "background-opacity" : 1.0,
      "content" : "data(name)"
    }
  }, {
    "selector" : "node:selected",
    "css" : {
      "background-color" : "rgb(255,255,0)"
    }
  }, {
    "selector" : "edge",
    "css" : {
      "font-size" : 10,
      "text-opacity" : 1.0,
      "opacity" : 1.0,
      "color" : "rgb(0,0,0)",
      "content" : "",
      "width" : 1.0,
      "target-arrow-color" : "rgb(0,0,0)",
      "line-color" : "rgb(102,102,102)",
      "source-arrow-shape" : "none",
      "target-arrow-shape" : "none",
      "source-arrow-color" : "rgb(0,0,0)",
      "font-family" : "SansSerif",
      "font-weight" : "normal",
      "line-style" : "solid"
    }
  }, {
    "selector" : "edge:selected",
    "css" : {
      "line-color" : "rgb(255,0,0)"
    }
  } ]
}, {
  "format_version" : "1.0",
  "generated_by" : "cytoscape-3.3.0",
  "target_cytoscapejs_version" : "~2.1",
  "title" : "BioPAX_SIF",
  "style" : [ {
    "selector" : "node",
    "css" : {
      "border-width" : 2.0,
      "color" : "rgb(0,0,0)",
      "border-color" : "rgb(0,0,0)",
      "font-family" : "SansSerif",
      "font-weight" : "normal",
      "shape" : "ellipse",
      "height" : 40.0,
      "border-opacity" : 1.0,
      "width" : 60.0,
      "font-size" : 12,
      "text-valign" : "center",
      "text-halign" : "center",
      "text-opacity" : 1.0,
      "background-color" : "rgb(255,153,153)",
      "background-opacity" : 0.49019607843137253,
      "content" : "data(name)"
    }
  }, {
    "selector" : "node[BIOPAX_TYPE = 'GenericRnaReference']",
    "css" : {
      "shape" : "roundrectangle"
    }
  }, {
    "selector" : "node[BIOPAX_TYPE = 'Generic']",
    "css" : {
      "shape" : "octagon"
    }
  }, {
    "selector" : "node[BIOPAX_TYPE = 'ComplexGroup']",
    "css" : {
      "shape" : "hexagon"
    }
  }, {
    "selector" : "node[BIOPAX_TYPE = 'GenericDnaRegionReference']",
    "css" : {
      "shape" : "roundrectangle"
    }
  }, {
    "selector" : "node[BIOPAX_TYPE = 'GenericSmallMoleculeReference']",
    "css" : {
      "shape" : "octagon"
    }
  }, {
    "selector" : "node[BIOPAX_TYPE = 'GenericDnaReference']",
    "css" : {
      "shape" : "roundrectangle"
    }
  }, {
    "selector" : "node[BIOPAX_TYPE = 'Complex']",
    "css" : {
      "shape" : "hexagon"
    }
  }, {
    "selector" : "node[BIOPAX_TYPE = 'GenericProteinReference']",
    "css" : {
      "shape" : "octagon"
    }
  }, {
    "selector" : "node[BIOPAX_TYPE = 'GenericRnaRegionReference']",
    "css" : {
      "shape" : "roundrectangle"
    }
  }, {
    "selector" : "node[BIOPAX_TYPE = 'GenericEntityReference']",
    "css" : {
      "shape" : "octagon"
    }
  }, {
    "selector" : "node[BIOPAX_TYPE = 'GenericRnaReference']",
    "css" : {
      "background-color" : "rgb(51,204,204)"
    }
  }, {
    "selector" : "node[BIOPAX_TYPE = 'Generic']",
    "css" : {
      "background-color" : "rgb(204,204,255)"
    }
  }, {
    "selector" : "node[BIOPAX_TYPE = 'ComplexGroup']",
    "css" : {
      "background-color" : "rgb(153,204,255)"
    }
  }, {
    "selector" : "node[BIOPAX_TYPE = 'GenericDnaRegionReference']",
    "css" : {
      "background-color" : "rgb(51,204,204)"
    }
  }, {
    "selector" : "node[BIOPAX_TYPE = 'GenericSmallMoleculeReference']",
    "css" : {
      "background-color" : "rgb(204,204,255)"
    }
  }, {
    "selector" : "node[BIOPAX_TYPE = 'GenericDnaReference']",
    "css" : {
      "background-color" : "rgb(51,204,204)"
    }
  }, {
    "selector" : "node[BIOPAX_TYPE = 'Complex']",
    "css" : {
      "background-color" : "rgb(153,204,255)"
    }
  }, {
    "selector" : "node[BIOPAX_TYPE = 'GenericProteinReference']",
    "css" : {
      "background-color" : "rgb(255,51,0)"
    }
  }, {
    "selector" : "node[BIOPAX_TYPE = 'GenericRnaRegionReference']",
    "css" : {
      "background-color" : "rgb(51,204,204)"
    }
  }, {
    "selector" : "node[BIOPAX_TYPE = 'GenericEntityReference']",
    "css" : {
      "background-color" : "rgb(204,204,255)"
    }
  }, {
    "selector" : "node:selected",
    "css" : {
      "background-color" : "rgb(255,255,0)"
    }
  }, {
    "selector" : "edge",
    "css" : {
      "font-size" : 10,
      "text-opacity" : 1.0,
      "opacity" : 1.0,
      "color" : "rgb(0,0,0)",
      "content" : "",
      "width" : 4.0,
      "target-arrow-color" : "rgb(0,0,0)",
      "line-color" : "rgb(0,0,0)",
      "source-arrow-shape" : "none",
      "target-arrow-shape" : "none",
      "source-arrow-color" : "rgb(0,0,0)",
      "font-family" : "SansSerif",
      "font-weight" : "normal",
      "line-style" : "solid"
    }
  }, {
    "selector" : "edge[interaction = 'METABOLIC_CATALYSIS']",
    "css" : {
      "target-arrow-shape" : "triangle"
    }
  }, {
    "selector" : "edge[interaction = 'SEQUENTIAL_CATALYSIS']",
    "css" : {
      "target-arrow-shape" : "triangle"
    }
  }, {
    "selector" : "edge[interaction = 'COMPONENT_OF']",
    "css" : {
      "target-arrow-shape" : "triangle"
    }
  }, {
    "selector" : "edge[interaction = 'STATE_CHANGE']",
    "css" : {
      "target-arrow-shape" : "triangle"
    }
  }, {
    "selector" : "edge[interaction = 'METABOLIC_CATALYSIS']",
    "css" : {
      "line-color" : "rgb(0,176,240)"
    }
  }, {
    "selector" : "edge[interaction = 'SEQUENTIAL_CATALYSIS']",
    "css" : {
      "line-color" : "rgb(127,127,127)"
    }
  }, {
    "selector" : "edge[interaction = 'CO_CONTROL']",
    "css" : {
      "line-color" : "rgb(255,0,0)"
    }
  }, {
    "selector" : "edge[interaction = 'GENERIC_OF']",
    "css" : {
      "line-color" : "rgb(0,0,0)"
    }
  }, {
    "selector" : "edge[interaction = 'STATE_CHANGE']",
    "css" : {
      "line-color" : "rgb(0,112,192)"
    }
  }, {
    "selector" : "edge[interaction = 'COMPONENT_OF']",
    "css" : {
      "line-color" : "rgb(255,192,0)"
    }
  }, {
    "selector" : "edge[interaction = 'INTERACTS_WITH']",
    "css" : {
      "line-color" : "rgb(112,48,160)"
    }
  }, {
    "selector" : "edge[interaction = 'IN_SAME_COMPONENT']",
    "css" : {
      "line-color" : "rgb(255,255,0)"
    }
  }, {
    "selector" : "edge[interaction = 'REACTS_WITH']",
    "css" : {
      "line-color" : "rgb(204,193,218)"
    }
  }, {
    "selector" : "edge:selected",
    "css" : {
      "line-color" : "rgb(255,0,0)"
    }
  } ]
}, {
  "format_version" : "1.0",
  "generated_by" : "cytoscape-3.3.0",
  "target_cytoscapejs_version" : "~2.1",
  "title" : "default black",
  "style" : [ {
    "selector" : "node",
    "css" : {
      "border-width" : 0.0,
      "color" : "rgb(204,204,204)",
      "border-color" : "rgb(0,153,0)",
      "font-family" : "SansSerif",
      "font-weight" : "normal",
      "shape" : "ellipse",
      "height" : 15.0,
      "border-opacity" : 1.0,
      "width" : 15.0,
      "font-size" : 12,
      "text-valign" : "bottom",
      "text-halign" : "right",
      "text-opacity" : 1.0,
      "background-color" : "rgb(255,255,255)",
      "background-opacity" : 1.0,
      "content" : "data(name)"
    }
  }, {
    "selector" : "node:selected",
    "css" : {
      "background-color" : "rgb(255,255,0)"
    }
  }, {
    "selector" : "edge",
    "css" : {
      "font-size" : 10,
      "text-opacity" : 1.0,
      "opacity" : 1.0,
      "color" : "rgb(0,0,0)",
      "content" : "",
      "width" : 2.0,
      "target-arrow-color" : "rgb(0,0,0)",
      "line-color" : "rgb(0,153,0)",
      "source-arrow-shape" : "none",
      "target-arrow-shape" : "none",
      "source-arrow-color" : "rgb(0,0,0)",
      "font-family" : "Dialog",
      "font-weight" : "normal",
      "line-style" : "solid"
    }
  }, {
    "selector" : "edge:selected",
    "css" : {
      "line-color" : "rgb(255,0,0)"
    }
  } ]
}, {
  "format_version" : "1.0",
  "generated_by" : "cytoscape-3.3.0",
  "target_cytoscapejs_version" : "~2.1",
  "title" : "Minimal",
  "style" : [ {
    "selector" : "node",
    "css" : {
      "border-width" : 0.0,
      "color" : "rgb(51,51,51)",
      "border-color" : "rgb(0,0,0)",
      "font-family" : "SansSerif",
      "font-weight" : "normal",
      "shape" : "rectangle",
      "height" : 42.0,
      "border-opacity" : 1.0,
      "width" : 42.0,
      "font-size" : 9,
      "text-valign" : "center",
      "text-halign" : "center",
      "text-opacity" : 1.0,
      "background-color" : "rgb(255,255,255)",
      "background-opacity" : 1.0,
      "content" : "data(name)"
    }
  }, {
    "selector" : "node:selected",
    "css" : {
      "background-color" : "rgb(255,255,0)"
    }
  }, {
    "selector" : "edge",
    "css" : {
      "font-size" : 10,
      "text-opacity" : 1.0,
      "opacity" : 1.0,
      "color" : "rgb(0,0,0)",
      "content" : "",
      "width" : 2.0,
      "target-arrow-color" : "rgb(0,0,0)",
      "line-color" : "rgb(76,76,76)",
      "source-arrow-shape" : "none",
      "target-arrow-shape" : "none",
      "source-arrow-color" : "rgb(0,0,0)",
      "font-family" : "SansSerif",
      "font-weight" : "normal",
      "line-style" : "solid"
    }
  }, {
    "selector" : "edge:selected",
    "css" : {
      "line-color" : "rgb(255,0,0)"
    }
  } ]
}, {
  "format_version" : "1.0",
  "generated_by" : "cytoscape-3.3.0",
  "target_cytoscapejs_version" : "~2.1",
  "title" : "Nested Network Style",
  "style" : [ {
    "selector" : "node",
    "css" : {
      "border-width" : 2.0,
      "color" : "rgb(0,0,0)",
      "border-color" : "rgb(0,0,0)",
      "font-family" : "SansSerif",
      "font-weight" : "normal",
      "shape" : "ellipse",
      "height" : 40.0,
      "border-opacity" : 1.0,
      "width" : 60.0,
      "font-size" : 12,
      "text-valign" : "center",
      "text-halign" : "center",
      "text-opacity" : 1.0,
      "background-color" : "rgb(255,255,255)",
      "background-opacity" : 1.0,
      "content" : "data(shared_name)"
    }
  }, {
    "selector" : "node[has_nested_network = 'true']",
    "css" : {
      "text-valign" : "bottom"
    }
  }, {
    "selector" : "node[has_nested_network = 'true']",
    "css" : {
      "color" : "rgb(0,102,204)"
    }
  }, {
    "selector" : "node[has_nested_network = 'true']",
    "css" : {
      "shape" : "rectangle"
    }
  }, {
    "selector" : "node[has_nested_network = 'true']",
    "css" : {
      "background-color" : "rgb(255,255,255)"
    }
  }, {
    "selector" : "node[has_nested_network = 'true']",
    "css" : {
      "border-color" : "rgb(0,102,204)"
    }
  }, {
    "selector" : "node:selected",
    "css" : {
      "background-color" : "rgb(255,255,0)"
    }
  }, {
    "selector" : "edge",
    "css" : {
      "font-size" : 10,
      "text-opacity" : 1.0,
      "opacity" : 1.0,
      "color" : "rgb(0,0,0)",
      "content" : "",
      "width" : 1.0,
      "target-arrow-color" : "rgb(0,0,0)",
      "line-color" : "rgb(64,64,64)",
      "source-arrow-shape" : "none",
      "target-arrow-shape" : "none",
      "source-arrow-color" : "rgb(0,0,0)",
      "font-family" : "SansSerif",
      "font-weight" : "normal",
      "line-style" : "solid"
    }
  }, {
    "selector" : "edge:selected",
    "css" : {
      "line-color" : "rgb(255,0,0)"
    }
  } ]
}, {
  "format_version" : "1.0",
  "generated_by" : "cytoscape-3.3.0",
  "target_cytoscapejs_version" : "~2.1",
  "title" : "default",
  "style" : [ {
    "selector" : "node",
    "css" : {
      "border-width" : 0.0,
      "color" : "rgb(0,0,0)",
      "border-color" : "rgb(204,204,204)",
      "font-family" : "SansSerif",
      "font-weight" : "normal",
      "shape" : "roundrectangle",
      "height" : 35.0,
      "border-opacity" : 1.0,
      "width" : 75.0,
      "font-size" : 12,
      "text-valign" : "center",
      "text-halign" : "center",
      "text-opacity" : 1.0,
      "background-color" : "rgb(137,208,245)",
      "background-opacity" : 1.0,
      "content" : "data(name)"
    }
  }, {
    "selector" : "node:selected",
    "css" : {
      "background-color" : "rgb(255,255,0)"
    }
  }, {
    "selector" : "edge",
    "css" : {
      "font-size" : 10,
      "text-opacity" : 1.0,
      "opacity" : 1.0,
      "color" : "rgb(0,0,0)",
      "content" : "",
      "width" : 2.0,
      "target-arrow-color" : "rgb(0,0,0)",
      "line-color" : "rgb(132,132,132)",
      "source-arrow-shape" : "none",
      "target-arrow-shape" : "none",
      "source-arrow-color" : "rgb(0,0,0)",
      "font-family" : "Dialog",
      "font-weight" : "normal",
      "line-style" : "solid"
    }
  }, {
    "selector" : "edge:selected",
    "css" : {
      "line-color" : "rgb(255,0,0)"
    }
  } ]
}, {
  "format_version" : "1.0",
  "generated_by" : "cytoscape-3.3.0",
  "target_cytoscapejs_version" : "~2.1",
  "title" : "Directed",
  "style" : [ {
    "selector" : "node",
    "css" : {
      "border-width" : 5.0,
      "color" : "rgb(51,153,255)",
      "border-color" : "rgb(145,145,145)",
      "font-family" : "SansSerif",
      "font-weight" : "normal",
      "shape" : "ellipse",
      "height" : 45.0,
      "border-opacity" : 1.0,
      "width" : 45.0,
      "font-size" : 8,
      "text-valign" : "center",
      "text-halign" : "center",
      "text-opacity" : 1.0,
      "background-color" : "rgb(255,255,255)",
      "background-opacity" : 1.0,
      "content" : "data(name)"
    }
  }, {
    "selector" : "node:selected",
    "css" : {
      "background-color" : "rgb(255,0,102)"
    }
  }, {
    "selector" : "edge",
    "css" : {
      "font-size" : 12,
      "text-opacity" : 1.0,
      "opacity" : 1.0,
      "color" : "rgb(51,153,255)",
      "width" : 5.0,
      "target-arrow-color" : "rgb(204,204,204)",
      "line-color" : "rgb(204,204,204)",
      "source-arrow-shape" : "none",
      "target-arrow-shape" : "triangle",
      "source-arrow-color" : "rgb(204,204,204)",
      "font-family" : "SansSerif",
      "font-weight" : "normal",
      "line-style" : "solid",
      "content" : "data(interaction)"
    }
  }, {
    "selector" : "edge:selected",
    "css" : {
      "line-color" : "rgb(255,0,0)"
    }
  } ]
}, {
  "format_version" : "1.0",
  "generated_by" : "cytoscape-3.3.0",
  "target_cytoscapejs_version" : "~2.1",
  "title" : "Ripple",
  "style" : [ {
    "selector" : "node",
    "css" : {
      "border-width" : 20.0,
      "color" : "rgb(19,58,96)",
      "border-color" : "rgb(51,153,255)",
      "font-family" : "SansSerif",
      "font-weight" : "normal",
      "shape" : "ellipse",
      "height" : 50.0,
      "border-opacity" : 1.0,
      "width" : 50.0,
      "font-size" : 8,
      "text-valign" : "center",
      "text-halign" : "center",
      "text-opacity" : 1.0,
      "background-color" : "rgb(255,255,255)",
      "background-opacity" : 1.0,
      "content" : "data(name)"
    }
  }, {
    "selector" : "node:selected",
    "css" : {
      "background-color" : "rgb(255,255,204)"
    }
  }, {
    "selector" : "edge",
    "css" : {
      "font-size" : 10,
      "text-opacity" : 1.0,
      "opacity" : 1.0,
      "color" : "rgb(0,0,0)",
      "content" : "",
      "width" : 3.0,
      "target-arrow-color" : "rgb(0,0,0)",
      "line-color" : "rgb(51,153,255)",
      "source-arrow-shape" : "none",
      "target-arrow-shape" : "none",
      "source-arrow-color" : "rgb(0,0,0)",
      "font-family" : "SansSerif",
      "font-weight" : "normal",
      "line-style" : "solid"
    }
  }, {
    "selector" : "edge:selected",
    "css" : {
      "line-color" : "rgb(255,0,0)"
    }
  } ]
}, {
  "format_version" : "1.0",
  "generated_by" : "cytoscape-3.3.0",
  "target_cytoscapejs_version" : "~2.1",
  "title" : "Marquee",
  "style" : [ {
    "selector" : "node",
    "css" : {
      "border-width" : 10.0,
      "color" : "rgb(102,102,102)",
      "border-color" : "rgb(255,255,255)",
      "font-family" : "SansSerif",
      "font-weight" : "normal",
      "shape" : "ellipse",
      "height" : 20.0,
      "border-opacity" : 1.0,
      "width" : 20.0,
      "font-size" : 12,
      "text-valign" : "bottom",
      "text-halign" : "center",
      "text-opacity" : 1.0,
      "background-color" : "rgb(0,204,255)",
      "background-opacity" : 1.0,
      "content" : "data(name)"
    }
  }, {
    "selector" : "node:selected",
    "css" : {
      "background-color" : "rgb(255,0,102)"
    }
  }, {
    "selector" : "edge",
    "css" : {
      "font-size" : 8,
      "text-opacity" : 1.0,
      "opacity" : 1.0,
      "color" : "rgb(102,102,102)",
      "width" : 2.0,
      "target-arrow-color" : "rgb(255,255,255)",
      "line-color" : "rgb(255,255,255)",
      "source-arrow-shape" : "none",
      "target-arrow-shape" : "triangle",
      "source-arrow-color" : "rgb(255,255,255)",
      "font-family" : "SansSerif",
      "font-weight" : "normal",
      "line-style" : "dashed",
      "content" : "data(interaction)"
    }
  }, {
    "selector" : "edge:selected",
    "css" : {
      "line-color" : "rgb(255,0,0)"
    }
  } ]
}, {
  "format_version" : "1.0",
  "generated_by" : "cytoscape-3.3.0",
  "target_cytoscapejs_version" : "~2.1",
  "title" : "Universe",
  "style" : [ {
    "selector" : "node",
    "css" : {
      "border-width" : 0.0,
      "color" : "rgb(255,255,255)",
      "border-color" : "rgb(0,0,0)",
      "font-family" : "Monospaced",
      "font-weight" : "normal",
      "shape" : "ellipse",
      "height" : 40.0,
      "border-opacity" : 1.0,
      "width" : 40.0,
      "font-size" : 18,
      "text-valign" : "center",
      "text-halign" : "center",
      "text-opacity" : 1.0,
      "background-color" : "rgb(0,0,0)",
      "background-opacity" : 1.0,
      "content" : "data(name)"
    }
  }, {
    "selector" : "node:selected",
    "css" : {
      "background-color" : "rgb(255,255,0)"
    }
  }, {
    "selector" : "edge",
    "css" : {
      "font-size" : 10,
      "text-opacity" : 1.0,
      "opacity" : 1.0,
      "color" : "rgb(0,0,0)",
      "content" : "",
      "width" : 2.0,
      "target-arrow-color" : "rgb(0,0,0)",
      "line-color" : "rgb(153,153,153)",
      "source-arrow-shape" : "none",
      "target-arrow-shape" : "none",
      "source-arrow-color" : "rgb(0,0,0)",
      "font-family" : "Dialog",
      "font-weight" : "normal",
      "line-style" : "dashed"
    }
  }, {
    "selector" : "edge:selected",
    "css" : {
      "line-color" : "rgb(255,0,0)"
    }
  } ]
} ]